country,ISO_code,region,year,pf_rol,pf_ss,pf_movement,pf_religion,pf_association,pf_expression,pf_identity,ef_government,ef_legal,ef_money,ef_trade,ef_regulation,pf_score,pf_rank,ef_score,ef_rank,hf_score,hf_rank,hf_quartile
Albania,ALB,Eastern Europe,2015,5.164786073,8.865642363,6.666666667,9.235185185,10,8.642857143,6.25,7.923799103,5.003488819,9.585625237,8.112451744,7.035654872,7.587078008,61,7.53,34,7.558539004,49,2
Algeria,DZA,Middle East & North Africa,2015,3.895039415,8.017162957,5,5.322592593,5,7.416666667,0.833333333,3.48222343,4.551817203,6.852789873,4.008431962,5.264769527,5.335309852,142,4.83,156,5.082654926,152,4
Angola,AGO,Sub-Saharan Africa,2015,3.512106161,8.297864524,5,8.757037037,4,6.547619048,7.5,6.155508356,2.960263718,6.88546476,5.143997963,6.065583361,6.13295828,114,5.44,148,5.78647914,137,4
Argentina,ARG,Latin America & the Caribbean,2015,5.535099829,8.962107772,10,7.888888889,7.5,8.619047619,10,5.333556135,3.81636162,6.455330731,3.730787481,5.549339485,8.025095551,45,4.98,153,6.502547776,107,3
Armenia,ARM,Caucasus & Central Asia,2015,4.679989714,8.930382953,6.666666667,6.37037037,6.5,7.154761905,8,7.070956595,5.777803721,9.481225478,8.242619487,7.364916892,6.871773061,87,7.59,29,7.23088653,63,2
Australia,AUS,Oceania,2015,7.893906437,9.865921211,10,9.140740741,10,9.357142857,9.25,6.59344285,7.994810648,9.36013851,7.60074244,8.45647826,9.214745272,11,8,8,8.607372636,5,1
Austria,AUT,Western Europe,2015,8.577467629,9.929328543,10,8.233333333,10,9.297619048,10,5.073794924,8.015541357,9.616600404,8.12194709,7.388044299,9.379794281,3,7.64,27,8.509897141,12,1
Azerbaijan,AZE,Caucasus & Central Asia,2015,4.262049381,8.826463112,5,5.689259259,3,2.863230245,6.25,5.190154896,5.321383003,7.307812065,7.103099424,6.977047604,5.552377074,137,6.38,115,5.966188537,131,4
Bahamas,BHS,Latin America & the Caribbean,2015,6.631374697,5,10,7.802777778,,8.958333333,10,8.302037629,6.80080997,6.779305572,6.716868335,8.169124596,7.502982563,63,7.35,50,7.426491282,52,2
Bahrain,BHR,Middle East & North Africa,2015,5.972326253,7.746455847,6.666666667,7.761111111,5,4.130952381,3.333333333,6.767397932,5.265601604,9.182060969,7.425336752,8.234171275,6.118901874,118,7.37,48,6.744450937,85,3
Bangladesh,BGD,South Asia,2015,3.090543409,7.542737251,5,6.557777778,7,6.531109157,1.25,8.862029942,3.01713395,7.02942331,5.990862276,6.728536093,5.292208858,145,6.33,117,5.811104429,136,4
Barbados,BRD,Latin America & the Caribbean,2015,6.965364492,7.818568207,10,8.819444444,,9.1875,5,6.404000192,5.756723061,6.728208739,7.089900747,6.529691271,7.82185123,50,6.5,107,7.160925615,64,2
Belarus,BLR,Eastern Europe,2015,0,0,0,0,0,0,0,0,0,0,0,0,0,0,0,0,0,0,0
Belgium,BEL,Western Europe,2015,8.075732926,9.740135637,10,8.305555556,10,9.761904762,9.25,3.854074508,7.254599508,9.664241683,8.26008994,8.098134701,9.185713173,12,7.43,43,8.307856586,21,1
Belize,BLZ,Latin America & the Caribbean,2015,4.02069731,6.666666667,10,9.111111111,,8.770833333,7.5,7.000462052,5.148883909,6.895477214,7.081756771,7.900214073,7.09458405,77,6.81,85,6.952292025,73,2
Benin,BEN,Sub-Saharan Africa,2015,4.296936351,8.031187091,6.666666667,9.877777778,9.5,8.952380952,10,5.797280424,3.580765453,6.934990574,5.924920312,6.676452396,7.5817134,62,5.78,134,6.6808567,94,3
Bhutan,BTN,South Asia,2015,6.051589941,8.796795981,5,7.605555556,,7.25,3.75,7.786619694,6.859619903,7.028718621,6.267201458,7.630521367,6.662790925,97,7.11,70,6.886395462,76,2
Bolivia,BOL,Latin America & the Caribbean,2015,3.499504426,8.443566798,10,8.625925926,6.5,8.535714286,10,6.168686889,3.581133884,8.727218031,6.847370246,4.950571175,7.351931827,68,6.05,126,6.700965914,92,3
Bosnia and Herzegovina,BIH,Eastern Europe,2015,5.834004367,9.01885084,6.666666667,8.781481481,9.5,8.702380952,9.25,5.335100673,4.23921142,8.462580284,7.777568764,7.312599848,8.003266712,46,6.63,96,7.316633356,55,2
Botswana,BWA,Sub-Saharan Africa,2015,5.171875449,7.161570546,8.333333333,9.258333333,,7.8125,4.25,5.898361116,6.164800355,9.084882842,7.721952656,7.879407652,6.790132332,91,7.35,50,7.070066166,69,2
Brazil,BRA,Latin America & the Caribbean,2015,4.803456119,6.110787427,10,7.717037037,6.5,8.040351008,7.5,5.15247595,4.45130018,7.965807686,6.9012205,4.297102904,6.704299691,93,5.75,140,6.227149845,119,3
Brunei Darussalam,BRN,South Asia,2015,5.945048605,6.600939245,7.5,0,1,4.55952381,1.666666667,5,5.239122575,8.505126304,6.987873018,8.140440228,4.60911601,152,6.77,88,5.689558005,138,4
Bulgaria,BGR,Eastern Europe,2015,5.209517109,9.760358771,10,7.352222222,9.5,8.857142857,9.25,7.019716166,4.883130213,9.355065492,8.133586308,7.583775783,8.238405478,42,7.4,46,7.819202739,41,2
Burkina Faso,BFA,Sub-Saharan Africa,2015,4.40768034,8.370018747,8.333333333,8.161481481,7.5,7.738095238,10,5.5625,3.597581138,6.959041731,6.611367436,7.416259395,7.367715777,67,6.03,127,6.698857888,92,3
Burundi,BDI,Sub-Saharan Africa,2015,3.428378316,6.232125436,1.666666667,7.314814815,1.5,1.944577628,5.833333333,6.117647059,3.09182541,7.778224417,6.104367318,6.259963671,4.241065182,155,5.87,131,5.055532591,153,4
Cambodia,KHM,South Asia,2015,2.669279254,9.587538771,10,8.72962963,7.5,7.94047619,8.333333333,7.886102261,4.354993664,9.295413111,7.310608753,7.157078443,7.314548421,70,7.2,64,7.257274211,58,2
Cameroon,CMR,Sub-Saharan Africa,2015,3.091677133,5.829825663,3.333333333,8.10962963,5.5,7.03267618,5,7.369716215,3.257379298,7.096359376,4.96170465,6.279913398,5.127939613,148,5.79,133,5.458969807,144,4
Canada,CAN,North America,2015,7.700447121,9.775239148,10,8.85,10,9.511904762,9.25,5.754943662,7.850680117,9.582510675,7.873761603,8.501366871,9.130112043,14,7.91,12,8.520056022,10,1
Cape Verde,CPV,Sub-Saharan Africa,2015,6.118723307,8.273639412,10,9.172222222,,8.9375,10,5.132731875,6.07731726,8.358168847,7.048452973,6.716087317,8.361805958,39,6.67,92,7.515902979,51,2
Central African Republic,CAF,Sub-Saharan Africa,2015,2.463762444,4.609898882,5,8.674074074,8.5,8,8.333333333,6.564141607,1.849276407,4.842252004,4.653956787,5.255901557,5.619156072,130,4.63,158,5.124578036,151,4
Chad,TCD,Sub-Saharan Africa,2015,3.364258024,5.038055998,8.333333333,7.987037037,6.5,7.523809524,5,6.938387562,2.76778205,6.352455917,5.155202215,4.947747979,5.634996495,128,5.23,152,5.432498247,146,4
Chile,CHL,Latin America & the Caribbean,2015,6.67672153,9.043604053,10,9.194444444,10,9.154761905,5,7.899381032,6.450117633,9.310170579,8.213421767,7.092824665,8.265002031,40,7.79,14,8.027501015,32,1
China,CHN,East Asia,2015,4.650841236,7.520505274,3.333333333,4.107777778,1.5,5.127521998,9.25,5.060334188,5.633083765,8.281163147,6.632616699,6.328628522,5.374699938,141,6.39,113,5.882349969,133,4
Colombia,COL,Latin America & the Caribbean,2015,4.465114576,5.193220915,8.333333333,9.014814815,10,7.563757674,10,6.844612333,3.793774688,8.026137533,6.914973382,7.170419033,6.905774455,85,6.55,103,6.727887227,86,3
"Congo, Dem. R.",COD,Sub-Saharan Africa,2015,2.736762078,6.321863063,1.666666667,8.008888889,,5.764091598,5,7.084661003,2.653119211,7.892834974,5.448274225,5.80104134,4.819612179,151,5.78,134,5.29980609,150,4
"Congo, Rep. Of",COG,Sub-Saharan Africa,2015,3.551855382,7.479228701,6.666666667,9.135185185,8.5,7.583333333,9.166666667,4.618671458,3.408225775,5.774533528,4.710024787,5.536996435,6.862956206,88,4.81,157,5.836478103,134,4
Costa Rica,CRI,Latin America & the Caribbean,2015,6.68397093,8.455304642,10,8.77037037,9.5,9.55952381,6.875,7.598125423,5.76898009,9.759381305,7.992057134,6.433113912,8.255308311,41,7.51,36,7.882654156,39,1
Cote d'Ivoire,CIV,Sub-Saharan Africa,2015,3.61714313,6.530030462,6.666666667,9.333333333,9.5,8.654761905,10,5.782209193,4.557106689,7.002306258,5.582966405,6.710914446,6.952269589,81,5.93,129,6.441134794,111,3
Croatia,HRV,Eastern Europe,2015,5.841496984,9.883538369,10,8.335185185,9,8.571428571,10,4.68388754,5.693974997,9.281726441,8.17801284,7.350503305,8.521920214,36,7.04,73,7.780960107,43,2
Cyprus,CYP,Eastern Europe,2015,6.858831213,9.661065819,10,7.487037037,8.5,9.404761905,10,7.268393185,5.836172166,9.686253954,8.219853784,7.438795108,8.669154152,32,7.69,22,8.179577076,28,1
Czech Republic,CZE,Eastern Europe,2015,7.647066539,9.889347447,10,8.272222222,9.5,9.523809524,9.25,5.245091097,6.239871315,9.575450886,8.209430675,8.185955592,9.038706671,20,7.49,37,8.264353336,24,1
Denmark,DNK,Western Europe,2015,8.723093731,9.849195699,10,7.739259259,9.5,9.69047619,10,4.108414157,8.246872137,9.609380791,8.41569965,8.352165515,9.336045903,5,7.75,16,8.543022951,8,1
Dominican Republic,DOM,Latin America & the Caribbean,2015,4.490078561,7.809106013,6.666666667,8.95,7.5,8.869047619,7.5,7.850075619,4.069636601,9.508289238,8.182444225,6.612166597,7.023367572,79,7.24,61,7.131683786,65,2
Ecuador,ECU,Latin America & the Caribbean,2015,4.205823615,8.795361784,10,7.583333333,6.5,7.94047619,10,5.82576134,3.893149081,8.098291578,6.532037884,6.086201446,7.452677302,66,6.09,124,6.771338651,83,3
Egypt,EGY,Middle East & North Africa,2015,3.510390695,5.591121401,1.666666667,4.107407407,3.5,6.494867192,0,6.034483575,3.479657954,8.779927322,5.596087033,4.971758069,3.852272151,157,5.77,138,4.811136075,155,4
El Salvador,SLV,Latin America & the Caribbean,2015,4.508987568,6.5,10,9.212962963,8,8.964285714,7.5,8.452581111,3.695250339,9.584824397,7.660097707,6.325231424,7.11997176,75,7.14,69,7.12998588,65,2
Estonia,EST,Eastern Europe,2015,7.576379547,9.574248415,10,8.385185185,9.5,9.619047619,9.25,5.893282681,7.509630596,9.489331062,8.538518317,8.196134081,8.963080271,21,7.93,10,8.446540136,16,1
Ethiopia,ETH,Sub-Saharan Africa,2015,3.041632015,6.919794484,6.666666667,6.374074074,1.5,5.45219934,6.666666667,6.622004484,4.607092409,5.49106474,4.971753193,6.042669411,5.156317299,146,5.55,147,5.35315865,148,4
Fiji,FJI,Oceania,2015,4.536762412,8.86562257,8.333333333,9.055555556,,7.416666667,10,6.189942366,6.121082837,6.343769009,6.64619929,8.820926208,7.70129069,58,6.82,84,7.260645345,58,2
Finland,FIN,Western Europe,2015,8.670918629,9.798124871,10,8.953703704,10,9.702380952,9.25,4.127550513,8.881498661,9.604256393,8.24015866,7.675031453,9.407869341,1,7.71,20,8.55893467,6,1
France,FRA,Western Europe,2015,6.91161032,9.704106536,10,7.298518519,10,7.75,10,4.194322649,7.065324981,9.765807751,8.248059503,7.494228997,8.658781066,33,7.35,50,8.004390533,35,1
Gabon,GAB,Sub-Saharan Africa,2015,4.368388171,8.038732871,0,8.55,4,6.285714286,3.333333333,6.268492547,3.900636296,6.431658009,5.691934877,6.614898571,5.318685022,143,5.78,134,5.549342511,143,4
Gambia,GMB,Sub-Saharan Africa,2015,4.174368201,6.160643405,6.666666667,8.511111111,,2.833333333,5,7.475759865,5.259634324,9.187328213,7.378835189,6.781820836,5.46014179,139,7.22,63,6.340070895,115,3
Georgia,GEO,Caucasus & Central Asia,2015,5.952242489,8.701384395,8.333333333,7.635555556,8.5,8.666666667,8,7.635342769,6.568152767,8.990327388,8.664168807,8.042172585,7.776962277,52,7.98,9,7.878481138,39,1
Germany,DEU,Western Europe,2015,8.300566731,9.878752348,10,8.103703704,10,9.357142857,10,5.511018212,7.445366969,9.649703585,7.92058469,7.846373993,9.290914426,8,7.67,24,8.480457213,13,1
Ghana,GHA,Sub-Saharan Africa,2015,5.315316304,9.008827092,10,7.987037037,7.5,8.315412622,7.5,6.966753486,5.44184396,6.867122454,6.514389495,6.809536821,7.711280815,56,6.52,105,7.115640407,67,2
Greece,GRC,Eastern Europe,2015,5.947156917,8.99605449,10,8.038888889,10,8.571428571,6.75,3.887538532,5.979854238,8.345815591,7.636024044,6.398029053,8.071834598,43,6.45,111,7.260917299,58,2
Guatemala,GTM,Latin America & the Caribbean,2015,3.920832239,6.333333333,10,9.027777778,7.5,6.892857143,6.25,9.486573245,4.482661786,9.629630157,8.221844681,6.64878242,6.530604885,100,7.69,22,7.110302443,68,2
Guinea,GIN,Sub-Saharan Africa,2015,3.346386441,7.028251798,3.333333333,8.675925926,9,6.988095238,1.666666667,6.398039216,2.976011266,7.780836612,4.952528144,6.608530123,5.560061676,136,5.74,141,5.650030838,140,4
Guinea-Bissau,GNB,Sub-Saharan Africa,2015,3.138332045,7.00446366,10,9.03,,7,8.333333333,5.22745098,3.860624883,6.398823629,6.058577027,6.334990223,6.831115593,90,5.58,146,6.205557796,120,3
Guyana,GUY,Latin America & the Caribbean,2015,4.272232007,7.248257893,10,9.347222222,,8.208333333,5,6.87254902,4.345251687,8.259076039,6.412824588,6.730537494,6.949566919,83,6.52,105,6.73478346,86,3
Haiti,HTI,Latin America & the Caribbean,2015,3.355847529,7.772491982,10,9.175925926,10,8.238095238,6.875,7.667458727,2.478433986,7.762247303,7.781865319,7.014802855,7.210986994,72,6.54,104,6.875493497,77,2
Honduras,HND,Latin America & the Caribbean,2015,3.263532774,5.944444444,8.333333333,8.694444444,8.5,7.928571429,7.5,9.034558824,3.991802199,9.357845185,7.4193701,6.948777919,6.397629225,105,7.35,50,6.873814613,79,2
Hong Kong,HKG,East Asia,2015,7.794569763,9.403960669,10,8.431481481,8,8.773809524,9.25,8.61566061,8.081274856,9.508448793,9.227087021,9.408802491,8.745161709,28,8.97,1,8.857580854,2,1
Hungary,HUN,Eastern Europe,2015,5.864154318,9.532159043,10,8.046296296,9,8.892857143,10,4.765497079,6.038421495,9.491677243,7.9088911,7.7229864,8.442993684,37,7.19,65,7.816496842,41,2
Iceland,ISL,Western Europe,2015,7.925369551,9.878877069,10,8.103703704,10,9.630952381,9.25,5.440940619,8.450045002,7.1704662,7.14833591,8.032681337,9.149527264,13,7.25,59,8.199763632,27,1
India,IND,South Asia,2015,4.197374773,7.415244046,6.666666667,5.885185185,7,7.963887534,5.5,7.823854613,5.09835622,8.099949043,5.55879423,6.462361374,6.204728643,112,6.61,98,6.407364322,114,3
Indonesia,IDN,South Asia,2015,4.093585354,8.920480629,6.666666667,4.305555556,7,7.523809524,6.25,7.772704636,4.518732007,9.36163255,6.989431454,6.343163804,6.42811967,103,7,75,6.714059835,90,3
Iran,IRN,Middle East & North Africa,2015,4.283833849,7.102750597,0,4.296296296,4,5.157980209,3,7.456834028,4.536952314,,4.533740564,5.074784241,4.492073762,153,5.4,149,4.946036881,154,4
Iraq,IRQ,Middle East & North Africa,2015,0,0,0,0,0,0,0,0,0,0,0,0,0,0,0,0,0,0,0
Ireland,IRL,Western Europe,2015,8.106677731,9.751065703,10,8.718518519,7.5,9.547619048,10,6.33416981,7.998138486,9.534898929,8.763022235,8.617663659,9.041049615,19,8.25,5,8.645524808,4,1
Israel,ISR,Middle East & North Africa,2015,7.110583565,9.244018632,1.666666667,6.677407407,10,8.996194783,10,6.230323288,6.132119415,9.4922158,8.112342685,7.384474409,7.822677435,49,7.47,38,7.646338717,46,2
Italy,ITA,Western Europe,2015,6.562639849,9.894689851,10,8.207407407,9.5,9.071428571,9.25,5.438315217,5.664803584,9.740915961,8.256774142,7.469066129,8.717216023,29,7.31,55,8.013608012,34,1
Jamaica,JAM,Latin America & the Caribbean,2015,5.189786736,6.5,8.333333333,9.488888889,9.5,9.571428571,6.25,7.465032479,5.157474738,8.68481998,7.039514085,7.911118346,7.236811763,71,7.25,59,7.243405882,62,2
Japan,JPN,East Asia,2015,7.582453683,9.684402323,10,7.92037037,7.5,9.226190476,9.25,4.55953243,7.603896561,9.628885834,7.42936534,8.074624021,8.706370086,31,7.46,41,8.083185043,31,1
Jordan,JOR,Middle East & North Africa,2015,5.717400929,8.179989552,6.666666667,6.522592593,5,6.666666667,3.333333333,7.381609179,4.763858993,9.658207434,7.629934308,7.905342185,6.293273546,109,7.47,38,6.881636773,77,2
Kazakhstan,KAZ,Caucasus & Central Asia,2015,4.533929223,9.025902786,5,5.653703704,4,6.416666667,9.25,7.520196516,5.606111942,8.948409024,6.382320669,7.819413676,6.421995039,104,7.26,58,6.84099752,80,2
Kenya,KEN,Sub-Saharan Africa,2015,3.653392125,7.020988632,6.666666667,7.35037037,7,8.030902222,7.5,7.769724167,4.745102997,9.099685277,6.634142518,7.295394539,6.323389115,108,7.11,70,6.716694558,89,3
"Korea, South",KOR,East Asia,2015,7.581303501,9.459102962,8.333333333,9.261111111,9.5,9.023809524,9.25,6.858782414,6.450502182,9.662441658,7.547693557,7.205590501,8.796927013,27,7.55,32,8.173463506,30,1
Kuwait,KWT,Middle East & North Africa,2015,5.287818148,7.380155825,5,5.068148148,4,7.148935707,1.666666667,6.210112177,4.990165384,7.580700058,6.760854723,7.388872686,5.455368545,140,6.59,101,6.022684273,129,4
Kyrgyz Republic,KGZ,Caucasus & Central Asia,2015,3.97967728,7.916322431,5,6.677222222,,6.226151955,8,7.135893991,4.201226563,8.635584948,7.361044048,6.727730802,6.2119217,111,6.81,85,6.51096085,105,3
Laos,LAO,South Asia,2015,4.024116448,8.176446837,5,7.361111111,0.5,5.797619048,10,8.484856186,5.980598311,7.345320609,6.739296369,6.314050838,5.916013837,125,6.97,76,6.443006919,111,3
Latvia,LVA,Eastern Europe,2015,6.495442917,9.551688703,10,8.735185185,10,9.30952381,10,6.392998987,6.398926191,9.470722785,8.346437702,8.014936261,8.816253805,26,7.72,18,8.268126902,23,1
Lebanon,LBN,Middle East & North Africa,2015,4.073774974,6.48568774,6.666666667,7.518518519,9,8.261904762,3.333333333,8.78321269,4.050679036,9.569162912,6.892919148,5.736985942,6.117908007,119,7.01,74,6.563954003,102,3
Lesotho,LSO,Sub-Saharan Africa,2015,4.953361465,5.644185347,10,8.963888889,,7.666666667,5.625,4.836531635,5.762699818,7.909614173,6.465755668,7.46011001,6.681331147,95,6.49,109,6.585665574,101,3
Liberia,LBR,Sub-Saharan Africa,2015,3.690212337,8.202872283,6.666666667,8.989444444,,7.354166667,4.166666667,8.488425676,4.67597891,9.118856048,6.101857646,5.958429106,6.370389211,106,6.87,80,6.620194605,98,3
Libya,LBY,Middle East & North Africa,2015,2.516339442,5.27726086,5,7.044074074,2.5,4.880952381,0.833333333,4.75,3.206338892,6.610824533,4.76377485,5.126018399,3.974236054,156,4.89,155,4.432118027,156,4
Lithuania,LTU,Eastern Europe,2015,6.814692987,9.217806543,10,8.848148148,10,9.464285714,10,7.181097919,6.533776518,9.409066146,8.197829986,8.002407119,8.839368269,23,7.86,13,8.349684134,20,1
Luxembourg,LUX,Western Europe,2015,8.230305676,9.904131225,10,8.992962963,10,9.714285714,9.25,4.167885568,8.356142386,9.456262324,8.304784786,7.897112364,9.329334093,6,7.64,27,8.484667047,13,1
Macedonia,MKD,Eastern Europe,2015,5.124722125,8.608715024,6.666666667,8.577777778,8,7.880952381,9.25,6.264343034,5.070281017,8.314453063,7.950308009,8.217119468,7.47089897,64,7.16,66,7.315449485,55,2
Madagascar,MDG,Sub-Saharan Africa,2015,3.725265401,8.252875827,10,7.633333333,5.5,8.273809524,7.5,8.160662766,2.881012258,8.048098568,6.609125378,5.874577124,6.885249593,86,6.31,119,6.597624796,100,3
Malawi,MWI,Sub-Saharan Africa,2015,4.931439853,8.768905416,8.333333333,8.608333333,,7.8125,7.5,6.183082051,4.621099644,6.215068765,6.000480295,5.79185588,7.456857151,65,5.76,139,6.608428575,99,3
Malaysia,MYS,South Asia,2015,5.431853975,8.606313831,5,4.522592593,4,6.833333333,4.25,6.798132187,5.758780853,7.013203575,7.506636023,8.653177422,5.970134544,124,7.15,67,6.560067272,102,3
Mali,MLI,Sub-Saharan Africa,2015,4.015771616,5.14900995,8.333333333,8.105555556,7.5,7.869047619,5,4.939907278,3.626025957,6.990485785,6.817442842,6.714130436,5.971989042,123,5.82,132,5.895994521,132,4
Malta,MLT,Western Europe,2015,7.086753702,9.875277508,10,8.568518519,10,9.44047619,10,5.865147075,6.59150468,9.653675092,8.383011055,8.097234921,9.041407273,17,7.72,18,8.380703637,18,1
Mauritania,MRT,Sub-Saharan Africa,2015,3.912662345,5.818886343,8.333333333,6.216666667,5.5,6.039380178,0,5.165686275,3.280492271,7.736384048,5.951315043,6.368433212,5.04182519,150,5.7,143,5.370912595,147,4
Mauritius,MUS,Sub-Saharan Africa,2015,6.605074204,9.222126237,6.666666667,8.218518519,9,9.357142857,5,7.556536783,6.472556637,9.590111811,8.362271681,8.141666677,7.781032915,51,8.02,6,7.900516457,38,1
Mexico,MEX,Latin America & the Caribbean,2015,3.81446557,6.409523132,10,7.644444444,8.5,7.420710752,10,7.375364642,4.22249613,8.150228799,7.522561872,7.117423102,6.912512695,84,6.88,79,6.896256348,75,2
Moldova,MDA,Eastern Europe,2015,4.492649184,8.685224302,8.333333333,6.364814815,6,7.369047619,10,6.429533795,4.24776688,7.793712279,7.438294791,6.92590218,7.101187948,76,6.57,102,6.835593974,80,3
Mongolia,MNG,East Asia,2015,5.334011588,8.84253677,10,8.959259259,8.5,8.238095238,9.25,8.227589886,5.648352256,9.041661857,6.858224062,7.14367723,8.038872539,44,7.38,47,7.70943627,45,2
Montenegro,MNE,Eastern Europe,2015,5.284249098,9.208752137,10,7.919444444,,7.958333333,9,4.976470588,4.826882108,8.40109458,8.137325364,7.346544153,7.982972531,47,6.74,90,7.361486265,54,2
Morocco,MAR,Middle East & North Africa,2015,3.967915096,8.390437218,8.333333333,4.983333333,5,7.256572063,3.333333333,5.930140961,5.573495504,7.293196819,6.844371629,6.140230049,5.980245285,122,6.36,116,6.170122642,124,4
Mozambique,MOZ,Sub-Saharan Africa,2015,3.838184797,8.646255467,8.333333333,8.072222222,2.5,7.678571429,10,6.112901881,3.96561253,6.390738288,6.420200298,5.236491925,6.779522764,92,5.63,145,6.204761382,122,4
Myanmar,MMR,South Asia,2015,3.232420241,7.87671879,1.666666667,7.244444444,7,7.768457381,4.375,6.297058824,3.421483697,6.299205705,4.963862702,5.611587698,5.582741607,135,5.32,151,5.451370803,145,4
Namibia,NAM,Sub-Saharan Africa,2015,5.536170091,6.992669937,10,8.792592593,7,8.2,8,5.658979991,6.511178933,6.639547818,6.388636942,7.834528691,7.331469266,69,6.61,98,6.970734633,72,2
Nepal,NPL,South Asia,2015,4.165570868,9.261933531,8.333333333,5.977777778,5,6.630952381,10,8.129503699,4.499389677,6.402422694,6.758458572,6.701858574,6.951082449,82,6.5,107,6.725541224,86,3
Netherlands,NLD,Western Europe,2015,8.499683185,9.91813521,10,8.644444444,10,9.726190476,9.25,3.906668345,8.212318396,9.750208216,8.613167108,8.185986161,9.366518091,4,7.73,17,8.548259045,7,1
New Zealand,NZL,Oceania,2015,7.823437448,9.868614098,10,9.781481481,10,9.476190476,9.25,6.457208479,8.739500354,9.507911549,8.573080918,9.114961776,9.273780082,9,8.48,3,8.876890041,1,1
Nicaragua,NIC,Latin America & the Caribbean,2015,3.423302358,8.129039458,8.333333333,8.45,4,7.083333333,6.875,8.034558824,4.448091089,8.897685752,7.812122515,7.142372773,6.362252121,107,7.27,57,6.81612606,82,3
Niger,NER,Sub-Saharan Africa,2015,4.256511242,6.560966538,6.666666667,7.358148148,5.5,5.30952381,4.166666667,6.181132794,3.414027157,6.780420884,5.485204757,6.847945767,5.604469974,132,5.74,141,5.672234987,139,4
Nigeria,NGA,Sub-Saharan Africa,2015,4.215167659,4.364765343,6.666666667,7.668518519,9,8.19047619,3.333333333,7.14113814,3.609768459,7.939313483,5.927646393,7.308339742,5.630882721,129,6.39,113,6.010441361,130,4
Norway,NOR,Western Europe,2015,8.619200387,9.938459598,10,7.698148148,10,9.797619048,10,4.469397226,8.831207419,9.514230228,7.654512261,7.789072783,9.388991716,2,7.65,25,8.519495858,10,1
Oman,OMN,Middle East & North Africa,2015,5.975490781,8.356922801,6.666666667,5.585185185,2.5,5.345238095,0,4.533714916,6.006032048,8.342304379,7.649773007,6.663988226,5.59281239,134,6.64,95,6.116406195,127,4
Pakistan,PAK,South Asia,2015,3.498042861,5.940587215,5,4.505925926,9,7.194370257,3.75,7.860701774,3.304005361,6.382514873,5.770772621,6.278867455,5.304687137,144,5.92,130,5.612343569,141,4
Panama,PAN,Latin America & the Caribbean,2015,4.41777905,8.498456509,10,8.481481481,8.5,8.547619048,9.25,7.408817519,5.427962304,9.353353596,8.710061862,6.964047002,7.706968943,57,7.57,30,7.638484471,47,2
Papua New Guinea,PNG,Oceania,2015,3.795296642,7.9539205,10,7.950555556,,8.604166667,7.5,5.971504761,4.104531135,6.501551322,7.195671082,7.098834179,7.194144563,73,6.17,122,6.682072282,94,3
Paraguay,PRY,Latin America & the Caribbean,2015,4.114067906,7.828477744,8.333333333,8.416666667,7.5,8.392857143,7.5,8.126530629,3.866205998,9.223884939,7.308081242,6.034346137,6.999922127,80,6.91,78,6.954961063,73,2
Peru,PER,Latin America & the Caribbean,2015,4.575434814,8.315704183,10,8.390740741,9,8.607142857,9.375,7.244341522,4.80139976,9.564613148,8.225183656,7.533933704,7.760073109,53,7.47,38,7.615036554,48,2
Philippines,PHL,South Asia,2015,3.927142722,7.026530427,8.333333333,9.151851852,8,7.635921591,6.25,8.536762702,4.434837234,9.444142054,7.30806526,7.438627326,6.675528965,96,7.43,43,7.052764482,71,2
Poland,POL,Eastern Europe,2015,7.086418258,9.899996235,10,7.046296296,9,8.445354246,9.25,5.73835301,5.791093519,9.620805682,7.950735842,7.694513148,8.620768677,34,7.36,49,7.990384339,36,1
Portugal,PRT,Western Europe,2015,7.164114008,9.872022192,10,9.561111111,9.5,9.511904762,9.25,5.658476204,6.951471102,9.677047644,8.420527378,7.062911452,9.041335637,18,7.55,32,8.295667819,22,1
Qatar,QAT,Middle East & North Africa,2015,6.654300713,8.555199422,3.333333333,5.092222222,2.5,7,0,6.537882662,6.300014733,8.370681252,7.562793588,8.358464582,5.594930589,133,7.43,43,6.512465295,105,3
Romania,ROU,Eastern Europe,2015,6.323739189,9.804795795,10,8.568888889,10,9,9.25,6.873345158,5.947150201,9.398782021,8.477391452,7.795492442,8.714022635,30,7.7,21,8.207011317,26,1
Russia,RUS,Eastern Europe,2015,3.855632834,7.450704683,3.333333333,4.859259259,5,6.156752701,9.25,6.783059394,4.845383226,8.516531898,6.606642879,6.50964522,5.686518909,127,6.65,93,6.168259454,124,4
Rwanda,RWA,Sub-Saharan Africa,2015,5.346680192,8.775185331,6.666666667,6.116666667,2,6.261904762,9.166666667,5.786848388,7.32142152,9.386881728,6.983617599,8.336144074,6.551656857,99,7.56,31,7.055828428,70,2
Saudi Arabia,SAU,Middle East & North Africa,2015,5.640148906,7.365187885,0,3.8,2,5.730733591,0,5,5.290017302,8.33160233,5.970474742,6.585261292,4.404407557,154,6.24,121,5.322203778,149,4
Senegal,SEN,Sub-Saharan Africa,2015,4.850856594,7.835249843,6.666666667,9.374074074,10,8.166666667,2.5,6.82612367,4.237886203,7.064081518,6.599117322,6.026585317,6.84226735,89,6.15,123,6.496133675,107,3
Serbia,SRB,Eastern Europe,2015,4.54907282,9.398892715,10,9.011111111,8,8.678571429,9.25,6.426736383,4.892576109,7.845666799,7.568040625,7.056274537,7.980959638,48,6.76,89,7.370479819,53,2
Seychelles,SYC,Sub-Saharan Africa,2015,5.543331066,8.506539225,7.5,8.702777778,,7.666666667,10,6.734199911,5.520896302,9.326300808,7.668264711,7.39581686,7.746148128,55,7.33,54,7.538074064,50,2
Sierra Leone,SLE,Sub-Saharan Africa,2015,4.082720953,8.071545168,8.333333333,9.080555556,,7.354166667,8.333333333,7.397058824,3.965239946,7.068771331,5.821283552,4.657191333,7.176240141,74,5.78,134,6.478120071,109,3
Singapore,SGP,South Asia,2015,8.044036763,9.410721259,8.333333333,6.022222222,3.5,6.642857143,8,8.006925783,8.286821638,9.83885347,9.249622839,8.821298834,7.613530775,60,8.84,2,8.226765388,25,1
Slovakia,SVK,Eastern Europe,2015,6.009683266,9.725476674,10,8.116666667,10,9.345238095,9.25,5.09497764,5.638335051,9.735095078,8.30373137,7.438143247,8.604980461,35,7.24,61,7.922490231,37,1
Slovenia,SVN,Eastern Europe,2015,6.994956008,9.704806146,10,9.12962963,10,9.428571429,9.25,4.543686681,6.323853556,9.767654513,7.872780122,6.909375559,8.955760644,22,7.08,72,8.017880322,33,1
South Africa,ZAF,Sub-Saharan Africa,2015,5.66502293,6.047035015,10,9.237407407,10,8.964285714,9.25,6.060745975,5.762888284,8.101293575,6.871226581,7.400876268,7.673183798,59,6.84,82,7.256591899,58,2
Spain,ESP,Western Europe,2015,6.961543911,9.635436244,10,8.762592593,9.5,9.214285714,9.25,5.73497808,6.803340149,9.762675446,8.012128861,7.337976939,8.821932869,25,7.53,34,8.175966435,28,1
Sri Lanka,LKA,South Asia,2015,4.526403306,8.45221974,6.666666667,6.917037037,5.5,7.095238095,1.75,8.251502356,5.280256242,6.877745263,5.878852487,6.871586481,6.037549941,120,6.63,96,6.333774971,116,3
Sudan,SDN,Sub-Saharan Africa,2015,0,0,,0,0,0,0,0,0,0,0,0,0,0,0,0,0,0,0
Suriname,SUR,Latin America & the Caribbean,2015,4.88360607,7.220384563,10,9.274444444,,8.520833333,10,6.329283965,5.070129201,8.862453742,7.204704436,6.759542428,7.75040738,54,6.85,81,7.30020369,57,2
Swaziland,SWZ,Sub-Saharan Africa,2015,4.800365087,6.694351355,6.666666667,8.466666667,,6.041666667,4.875,5.546053142,4.108752623,7.93904137,6.96055253,7.625161417,6.12992911,115,6.44,112,6.284964555,117,3
Sweden,SWE,Western Europe,2015,8.492248115,9.832536726,10,8.903333333,10,9.726190476,8.75,3.665455869,8.348592034,9.712610453,8.27557344,8.244324585,9.319148591,7,7.65,25,8.484574296,13,1
Switzerland,CHE,Western Europe,2015,8.393828928,9.630873532,10,8.610740741,10,9.666666667,9.25,7.422625163,8.575948751,9.805207887,7.54471384,8.485415547,9.258916356,10,8.37,4,8.814458178,3,1
Syria,SYR,Middle East & North Africa,2015,2.930968011,4.984072935,0,5.288888889,,1.774252087,0,6.197227532,3.42824904,4.86957662,4.912573675,5.392639783,2.861652859,158,4.96,154,3.910826429,159,4
Taiwan,TWN,East Asia,2015,7.112389894,9.724331089,10,9.190740741,10,9.25,10,7.224591599,6.77740462,9.634672604,7.519172722,7.662227398,9.05325432,15,7.76,15,8.40662716,17,1
Tajikistan,TJK,Caucasus & Central Asia,2015,3.608039289,8.349374995,8.333333333,4.655555556,2,4.404761905,8.333333333,6.19896017,5.137031799,9.093415648,6.360443874,6.467898754,5.762051984,126,6.65,93,6.206025992,120,4
Tanzania,TZA,Sub-Saharan Africa,2015,4.24482563,7.343189884,8.333333333,6.968518519,5,7.642857143,5,7.328689051,5.678049954,8.05894034,6.282426331,7.27368523,6.191474778,113,6.92,77,6.555737389,102,3
Thailand,THA,South Asia,2015,4.346657434,8.503134394,8.333333333,8.062592593,4.5,7.136957057,4.375,6.654410391,4.774643377,8.454208908,7.070371065,7.070827708,6.453236255,102,6.8,87,6.626618128,97,3
Timor-Leste,TLS,South Asia,2015,0,8.473533085,5,7.876111111,,8.395833333,6.666666667,6.119289276,3.541556296,8.849915038,7.063657914,7.403126101,5.61070966,131,6.6,100,6.10535483,128,4
Togo,TGO,Sub-Saharan Africa,2015,3.945628531,8.033344298,6.666666667,9.05,8,8.345238095,5,6.092697938,3.688572303,7.009346655,5.446367989,6.218544758,6.700933683,94,5.69,144,6.195466842,122,4
Trinidad and Tobago,TTO,Latin America & the Caribbean,2015,5.015294518,5.944444444,10,9.066666667,,8.666666667,6.666666667,5.323867224,4.389010072,8.254970915,7.815565379,6.603103055,7.039934741,78,6.48,110,6.75996737,84,3
Tunisia,TUN,Middle East & North Africa,2015,4.653524488,7.525028029,8.333333333,6.875925926,8,8.19047619,4.166666667,6.080729204,5.279933807,7.058311561,6.810956358,6.413393967,6.601278341,98,6.33,117,6.46563917,110,3
Turkey,TUR,Middle East & North Africa,2015,4.070536556,8.334431521,10,4.872222222,4.5,5.101696097,9.25,6.663194673,4.7440882,9.07766713,7.235888374,6.487905679,6.473633851,101,6.84,82,6.656816926,96,3
Uganda,UGA,Sub-Saharan Africa,2015,3.238763121,7.008165921,8.333333333,8.566666667,7,7.928571429,3.75,7.647794118,4.891804412,8.599190934,7.444597602,7.929107381,6.119589403,117,7.3,56,6.709794702,90,3
Ukraine,UKR,Eastern Europe,2015,4.598094241,6.111798358,8.333333333,5.892962963,5.5,7.136003553,9.25,6.649825151,4.324646752,3.253157988,6.50925039,6.278055349,6.288703135,110,5.4,149,5.844351567,134,4
United Arab Emirates,ARE,Middle East & North Africa,2015,6.333748881,8.023720505,3.333333333,5.124074074,0.5,6.153469156,0,6.729955528,5.976645951,8.417219268,8.220144361,7.918170325,5.100455003,149,7.45,42,6.275227501,117,3
United Kingdom,GBR,Western Europe,2015,7.773074205,9.862630309,10,7.884814815,10,9.25,9.25,5.639386473,7.921504871,9.841926558,8.41871443,8.247220471,9.04740761,16,8.01,7,8.528703805,9,1
United States,USA,North America,2015,7.132165883,9.328352893,10,8.606296296,10,9.268106616,9.25,6.402068976,7.22630626,9.761051292,7.535949024,8.713321959,8.827569985,24,7.93,10,8.378784993,18,1
Uruguay,URY,Latin America & the Caribbean,2015,6.965991287,8.305989697,10,8.905555556,7.5,9.321428571,10,6.898378225,5.501567589,9.078882104,7.837795013,6.430508577,8.390693659,38,7.15,67,7.770346829,44,2
Venezuela,VEN,Latin America & the Caribbean,2015,1.816299622,6.332620057,8.333333333,7.338888889,6.5,5.19047619,7.5,4.93978402,2.046750013,1.942101065,3.323736749,2.564401113,5.523499761,138,2.96,159,4.24174988,157,4
Vietnam,VNM,South Asia,2015,5.165162475,8.630880895,3.333333333,5.703703704,1.5,5.872682796,9.25,7.629411765,5.021324429,6.177432425,6.018601176,6.638954149,6.014982826,121,6.3,120,6.157491413,126,4
"Yemen, Rep.",YEM,Middle East & North Africa,2015,3.240893302,3.967755243,0,,,3.208333333,0,7.071275461,3.023844796,8.067198783,6.782912126,5.427578374,2.336884358,159,6.07,125,4.203442179,158,4
Zambia,ZMB,Sub-Saharan Africa,2015,4.231340996,8.282496424,5,7.858333333,,6.979166667,4.166666667,6.155882353,5.567048403,8.715935352,6.864875466,6.414758225,6.128980188,116,6.74,90,6.434490094,113,3
Zimbabwe,ZWE,Sub-Saharan Africa,2015,3.466406109,7.610858901,5,6.376296296,2.5,6.65,3.333333333,6.9,3.820360033,8.180177544,5.679718634,5.449217561,5.155279216,147,6.01,128,5.582639608,142,4
Afghanistan,AFG,Middle East & North Africa,2015,0,0,0,0,0,0,0,0,0,0,0,0,0,0,0,0,0,0,0
Antigua and Barbuda,ATG,Latin America & the Caribbean,2015,0,0,0,0,0,0,0,0,0,0,0,0,0,0,0,0,0,0,0
Cabo Verde,CPV,Sub-Saharan Africa,2015,0,0,0,0,0,0,0,0,0,0,0,0,0,0,0,0,0,0,0
Cuba,CUB,Latin America & the Caribbean,2015,0,0,0,0,0,0,0,0,0,0,0,0,0,0,0,0,0,0,0
Liechtenstein,LIE,Western Europe,2015,0,0,0,0,0,0,0,0,0,0,0,0,0,0,0,0,0,0,0
Maldives,MDV,South Asia,2015,0,0,0,0,0,0,0,0,0,0,0,0,0,0,0,0,0,0,0
